"","data","looic","waic"
"1","Aerial survey",538.716297504305,537.940667077607
"2","Reproduction",117.825886168525,116.465575392148
"3","Hunting bag (SW)",58.3455922075783,55.9383726528986
"4","Hunting bag (FI)",64.282938767798,59.0221162986634
"5","Hunting samples (SW)",381.679643559401,375.815024069421
"6","Hunting samples (FI)",363.926185506596,361.198261789542
"7","Bycatch samples",277.440653679847,277.210988345779
