"","data","looic","waic"
"1","Aerial survey",541.225795408874,540.411618111701
"2","Reproduction",200.398733303845,199.692153900509
"3","Hunting bag (SW)",58.030130622044,56.0499209694092
"4","Hunting bag (FI)",65.1941334409206,59.4025055665053
"5","Hunting samples (SW)",380.257452766901,375.052563873649
"6","Hunting samples (FI)",366.896992381586,361.803616973824
"7","Bycatch samples",277.536549435978,277.468253411302
