"","data","looic","waic"
"1","Aerial survey",301.32946670798,299.469354472223
"2","Reproduction",199.419398006112,198.929399017841
"3","Hunting bag (SW)",58.7962518744086,56.1635141713181
"4","Hunting bag (FI)",65.7822023461785,59.562840021974
"5","Hunting samples (SW)",378.306254240702,375.323001602242
"6","Hunting samples (FI)",367.861356836491,364.422970555838
"7","Bycatch samples",278.735607410605,278.549314160892
