"","data","looic","waic"
"1","Aerial survey",234.633417493859,234.17091057649
"2","Reproduction",199.476607978318,199.040000772606
"3","Hunting bag (SW)",58.0229641552757,56.0074921226547
"4","Hunting bag (FI)",65.4107461078921,59.7818261308504
"5","Hunting samples (SW)",377.356649746856,374.668160248626
"6","Hunting samples (FI)",367.922507668592,363.601930956365
"7","Bycatch samples",278.302575714771,278.076936655569
