"","data","looic","waic"
"1","Aerial survey",541.425740026906,540.769695507233
"2","Reproduction",156.752546341398,156.312921190872
"3","Hunting bag (SW)",58.7696429125755,56.1598089382927
"4","Hunting bag (FI)",64.7486625067464,59.2573547821347
"5","Hunting samples (SW)",376.79892341156,374.261752971791
"6","Hunting samples (FI)",364.072228513482,360.674121063388
"7","Bycatch samples",277.400053105208,277.36863713101
