"","data","looic","waic"
"1","Aerial survey",538.94118066686,538.094907067498
"2","Reproduction",203.89397319383,201.251339906756
"3","Hunting bag (SW)",40.374351168242,34.86075667673
"4","Hunting bag (FI)",75341.2787399991,219673.964726922
"5","Hunting samples (SW)",452.426670564682,444.377897722394
"6","Hunting samples (FI)",405.113215201518,388.552367649073
"7","Bycatch samples",280.338973045668,279.15205869065
