"","data","looic","waic"
"1","Aerial survey",315.005035535588,314.68037713021
"2","Reproduction",201.719332387394,201.325856842428
"3","Hunting bag (SW)",58.5946070539487,56.1905387782673
"4","Hunting bag (FI)",65.0353091634213,59.5325847284893
"5","Hunting samples (SW)",379.76813129902,375.256913032626
"6","Hunting samples (FI)",367.896820760111,365.255447813863
"7","Bycatch samples",277.411620947689,277.312360691034
