"","data","looic","waic"
"1","Aerial survey",541.494240407351,540.121184624922
"2","Reproduction",199.781670387945,199.085920386789
"3","Hunting bag (SW)",58.3205846821782,55.952172125905
"4","Hunting bag (FI)",64.276109130166,58.6889679142303
"5","Hunting samples (SW)",234.561641077522,227.546906907048
"6","Hunting samples (FI)",171.47673867433,167.992282012301
"7","Bycatch samples",150.589213377141,150.173455636359
