"","data","looic","waic"
"1","Aerial survey",537.704578185007,536.879888858227
"2","Reproduction",200.387680468404,199.991134402912
"3","Hunting bag (SW)",58.834151358539,56.115555541308
"4","Hunting bag (FI)",65.0068641473974,59.338776919785
"5","Hunting samples (SW)",380.195029244474,374.282293196031
"6","Hunting samples (FI)",365.66862644457,362.347423109211
"7","Bycatch samples",277.680263162717,277.445535968346
