"","data","looic","waic"
"1","Aerial survey",540.284956457157,539.676833891632
"2","Reproduction",200.526189414788,200.033188777716
"3","Hunting bag (SW)",58.8569155921721,56.1122059915729
"4","Hunting bag (FI)",64.972942726846,59.1173336140847
"5","Hunting samples (SW)",378.688780094189,375.06925901083
"6","Hunting samples (FI)",365.935182423326,362.001374545987
"7","Bycatch samples",277.650874006425,277.677813868092
